{"WINDOW_BG_COL":-16185079,"HOVER_COL":-14474461,"ACCENT_COL":-13619152,"BUTTON_COL":-15461356,"PRESSED_COL":-16382458,"TEXT_COL":-1513240,"LABEL_COL":-3618616,"SEPARATOR_COL":-16514044,"HIGHLIGHT_COL":-14656100,"FONT_SIZE":13,"ELEMENT_W":100,"ELEMENT_H":24,"ELEMENT_OFFSET":4,"ARROW_SIZE":5,"BUTTON_H":22,"CHECK_SIZE":16,"CHECK_SELECT_SIZE":12,"SCROLL_W":9,"SCROLL_MINI_W":3,"TEXT_OFFSET":8,"TAB_W":6,"FILL_WINDOW_BG":1,"FILL_BUTTON_BG":1,"LINK_STYLE":0,"FULL_TABS":0,"ROUND_CORNERS":1,"SHADOWS":1,"VIEWPORT_COL":-16645630}